Year,Fund,Fund Description,Object Description,Fund Balance
2019,001,General Fund,,"24,486,117.00"
2019,101,Transportation Fund,,"17,323,517.00"
2019,107,Sheriff Fund,,"4,335,745.00"
2019,111,Tourist Development Fund,,"49,824,657.00"
2019,112,Solid Waste Fund,,"10,005,111.00"
2019,300,Capital Projects Fund,,"16,848,022.00"
2019,103,Building Fund,,"2,376,428.00"
2019,105,Mosquito Control Fund,,"435,020.00"
2019,109,E911 Fund,,"49,583.00"
2019,110,Housing & Urban Development Fund,,"151,069.00"
2019,113,Preservation Fund,,"3,937,492.00"
2019,114,Recreation Plat Fee Fund,,"1,099,694.00"
2019,115,Sidewalk Fund,,"240,910.00"
2020,001,General Fund,,"31,243,932.00"
2020,101,Transportation Fund,,"18,627,845.00"
2020,107,Sheriff Fund,,"5,375,591.00"
2020,111,Tourist Development Fund,,"60,559,812.00"
2020,112,Solid Waste Fund,,"10,005,111.00"
2020,300,Capital Projects Fund,,"17,445,251.00"
2020,103,Building Fund,,"4,667,595.00"
2020,105,Mosquito Control Fund,,"438,057.00"
2020,109,E911 Fund,,"85,843.00"
2020,110,Housing & Urban Development Fund,,"148,245.00"
2020,113,Preservation Fund,,"3,748,079.00"
2020,114,Recreation Plat Fee Fund,,"864,621.00"
2020,115,Sidewalk Fund,,"289,394.00"
2021,001,General Fund,FB-UNASSIGNED,"35,427,507.00"
2021,101,Transportation Fund,FB-RESTRICTED,"25,169,123.00"
2021,107,Sheriff Fund,FB-RESTRICTED,"6,617,517.00"
2021,111,Tourist Development Fund,FB-ASSIGNED,"84,963,196.00"
2021,112,Solid Waste Fund,FB-ASSIGNED,"18,857,416.00"
2021,300,Capital Projects Fund,FB-ASSIGNED,"22,549,319.00"
2021,103,Building Fund,FB-COMMITTED,"7,807,083.00"
2021,105,Mosquito Control Fund,FB-RESTRICTED,"464,751.00"
2021,109,E911 Fund,FB-ASSIGNED,"302,662.00"
2021,110,Housing & Urban Development Fund,FB-RESTRICTED,"203,374.00"
2021,113,Preservation Fund,FB-COMMITTED,"2,111,604.00"
2021,114,Recreation Plat Fee Fund,FB-ASSIGNED,"1,568,996.00"
2021,115,Sidewalk Fund,FB-COMMITTED,"458,137.00"
2022,101,Transportation Fund,FB-RESTRICTED,"26,469,849.00"
2022,107,Sheriff Fund,FB-RESTRICTED,"13,411,845.00"
2022,111,Tourist Development Fund,FB-ASSIGNED,"110,288,168.00"
2022,112,Solid Waste Fund,FB-ASSIGNED,"29,280,523.00"
2022,300,Capital Projects Fund,FB-ASSIGNED,"23,274,380.00"
2022,103,Building Fund,FB-COMMITTED,"13,619,723.00"
2022,105,Mosquito Control Fund,FB-RESTRICTED,"531,400.00"
2022,109,E911 Fund,FB-ASSIGNED,"127,539.00"
2022,110,Housing & Urban Development Fund,FB-RESTRICTED,"48,625.00"
2022,113,Preservation Fund,FB-COMMITTED,"1,005,930.00"
2022,114,Recreation Plat Fee Fund,FB-ASSIGNED,"1,683,726.00"
2022,115,Sidewalk Fund,FB-COMMITTED,"382,257.00"
2023,001,General Fund,FB-UNASSIGNED,"49,860,891.00"
2023,101,Transportation Fund,FB-RESTRICTED,"32,436,024.00"
2023,107,Sheriff Fund,FB-RESTRICTED,"22,041,708.00"
2023,111,Tourist Development Fund,FB-ASSIGNED,"129,289,303.00"
2023,112,Solid Waste Fund,FB-ASSIGNED,"37,548,787.00"
2023,300,Capital Projects Fund,FB-ASSIGNED,"24,202,434.00"
2023,103,Building Fund,FB-COMMITTED,"13,594,429.00"
2023,105,Mosquito Control Fund,FB-RESTRICTED,"468,056.00"
2023,109,E911 Fund,FB-ASSIGNED,"169,075.00"
2023,110,Housing & Urban Development Fund,FB-RESTRICTED,"44,808.00"
2023,113,Preservation Fund,FB-COMMITTED,"1,003,212.00"
2023,114,Recreation Plat Fee Fund,FB-ASSIGNED,"2,616,744.00"
2023,115,Sidewalk Fund,FB-COMMITTED,"500,504.00"
2024,001,General Fund,FB-UNASSIGNED,"64,092,062.00"
2024,101,Transportation Fund,FB-RESTRICTED,"37,284,327.00"
2024,107,Sheriff Fund,FB-RESTRICTED,"33,412,246.00"
2024,111,Tourist Development Fund,FB-ASSIGNED,"148,123,621.00"
2024,112,Solid Waste Fund,FB-ASSIGNED,"43,533,265.00"
2024,300,Capital Projects Fund,FB-ASSIGNED,"24,629,257.00"
2024,103,Building Fund,FB-COMMITTED,"9,197,991.00"
2024,105,Mosquito Control Fund,FB-RESTRICTED,"941,432.00"
2024,109,E911 Fund,FB-ASSIGNED,"202,697.00"
2024,110,Housing & Urban Development Fund,FB-RESTRICTED,"12,752.00"
2024,113,Preservation Fund,FB-COMMITTED,"1,037,568.00"
2024,114,Recreation Plat Fee Fund,FB-ASSIGNED,"4,365,185.00"
2024,115,Sidewalk Fund,FB-COMMITTED,"581,393.00"
2022,001,General Fund,FB-UNASSIGNED,"42,462,946.00"
2022,103,Building Fund,FB-COMMITTED,"11,307,870.00"
2025,001,General Fund,FB-UNASSIGNED,"81,910,494.00"
2025,101,Transportation Fund,FB-RESTRICTED,"41,124,267.00"
2025,107,Sheriff Fund,FB-RESTRICTED,"49,765,273.00"
2025,111,Tourist Development Fund,FB-ASSIGNED,"166,535,869.00"
2025,112,Solid Waste Fund,FB-ASSIGNED,"50,601,216.00"
2025,300,Capital Projects Fund,FB-ASSIGNED,"26,965,592.00"
2025,103,Building Fund,FB-COMMITTED,"10,720,790.00"
2025,105,Mosquito Control Fund,FB-RESTRICTED,"1,621,059.00"
2025,109,E911 Fund,FB-ASSIGNED,"223,763.00"
2025,110,Housing & Urban Development Fund,FB-RESTRICTED,"93,502.00"
2025,113,Preservation Fund,FB-COMMITTED,"1,111,100.00"
2025,114,Recreation Plat Fee Fund,FB-ASSIGNED,"4,417,138.00"
2025,115,Sidewalk Fund,FB-COMMITTED,"849,179.00"
2026,001,General Fund,FB-UNASSIGNED,"81,910,494.00"
2026,101,Transportation Fund,FB-RESTRICTED,"41,124,267.00"
2026,107,Sheriff Fund,FB-RESTRICTED,"49,765,273.00"
2026,111,Tourist Development Fund,FB-ASSIGNED,"166,535,869.00"
2026,112,Solid Waste Fund,FB-ASSIGNED,"50,601,216.00"
2026,300,Capital Projects Fund,FB-ASSIGNED,"26,965,592.00"
2026,103,Building Fund,FB-COMMITTED,"6,594,402.00"
2026,105,Mosquito Control Fund,FB-RESTRICTED,"1,621,059.00"
2026,109,E911 Fund,FB-ASSIGNED,"223,763.00"
2026,110,Housing & Urban Development Fund,FB-RESTRICTED,"93,502.00"
2026,113,Preservation Fund,FB-COMMITTED,"1,111,100.00"
2026,114,Recreation Plat Fee Fund,FB-ASSIGNED,"4,417,138.00"
2026,115,Sidewalk Fund,FB-COMMITTED,"849,179.00"