Dept_Name,Position_ID*,Position_Name,Hourly_Base_Wage,Standard_Hours_per_Year,Allocation,Fund,Commissioner_Vehicle_Allowance,Health_Plan,Coverage,Pension_Plan,Risk_Code,Weekend_Pay
10116020,1,Sewer Technician,$25.33,2080,100.00%,101,$0,FB1,EE,7220,9402,$0
00119000,2,Environmental Planner,$42.73,2080,100.00%,001,$0,FB3,FAM,7205,8810,$0
11141010,,Beach Maintenance Specialist,$20.96,2080,100.00%,111,$0,FB1,EE,7210,9015,$500
11141010,3,Beach Maintenance Specialist,$20.96,2080,100.00%,111,$0,FB2,EE,7210,9015,$500
10528000,4,Mosquito Control Technician I,$18.26,2080,100.00%,105,$0,FB3,EE,7225,9402,$250
00109000,5,Probation Officer,$22.13,2080,100.00%,001,$0,FB3,EE,7210,7720,$0
11141010,6,Beach Maintenance Technician,$20.47,2080,100.00%,111,$0,FB2,EE,7210,9015,$500
00104000,7,Senior Planner,$42.07,2080,100.00%,001,$0,FB2,EE,7210,8810,$0
11242000,8,Solid Waste General Equipment Operator,$20.41,2080,100.00%,112,$0,FB2,EE,7210,6217,$250
11141010,,Landscape Maintenance Coordinator,$29.36,2080,100.00%,111,$0,FB2,EE,7225,9102,$500
11141010,,Electrician Helper,$22.13,2080,100.00%,111,$0,FB1,EE,7225,5190,$500
11141010,,Beach Maintenance Specialist Crew Leader,$21.00,2080,100.00%,111,$0,FB1,EE,7225,9015,$500
11141010,,Beach Maintenance Specialist Crew Leader,$21.00,2080,100.00%,111,$0,FB1,EE,7225,9015,$500
11141010,9,Beach Maintenance Specialist,$17.62,2080,100.00%,111,$0,FB2,EE,7210,9015,$500
11141010,,Beach Maintenance Specialist,$17.62,2080,100.00%,111,$0,FB1,EE,7210,9015,$500
11141010,,Beach Maintenance Specialist,$17.62,2080,100.00%,111,$0,FB1,EE,7210,9015,$500
11141010,,Beach Maintenance Specialist,$17.62,2080,100.00%,111,$0,FB1,EE,7210,9015,$500
11141010,10,Beach Maintenance Specialist,$17.62,2080,100.00%,111,$0,FB1,EE,7210,9015,$500
11141030,11,Visitor Information Specialist,$17.34,2080,100.00%,111,$0,FB3,EE,7225,8810,"$1,000"
00104000,12,Planning Technician,$31.30,2080,100.00%,001,$0,FB3,FAM,7245,8810,$0
10528000,13,Lead Mosquito Control Technician,$21.12,2080,100.00%,105,$0,FB2,EE,7225,9402,$250
00108000,14,Library Clerk,$16.55,1040,100.00%,001,$0,,,0,8810,$250
11141010,15,Beach Maintenance Technician,$24.35,2080,100.00%,111,$0,FB1,EE,7225,9015,$500
11141010,,Beach Maintenance Technician,$24.35,2080,100.00%,111,$0,FB1,EE,7225,9015,$500
00108000,16,Library Clerk,$17.09,1040,100.00%,001,$0,,,0,8810,$250
00108000,17,Library Youth Services Clerk,$16.80,1040,100.00%,001,$0,,,0,8810,$250
00108000,18,Library Clerk,$16.55,1040,100.00%,001,$0,,,0,8810,$250
00108000,19,Library Clerk,$16.55,1040,100.00%,001,$0,,,0,8810,$250
00108000,20,Library Clerk,$16.55,1040,100.00%,001,$0,,,0,8810,$250
11141010,21,Beach Maintenance Specialist,$18.24,2080,100.00%,111,$0,FB1,EE,7225,8810,$500
11141010,22,Beach Maintenance Specialist,$18.24,2080,100.00%,111,$0,FB1,EE,7225,8810,$500
11141010,23,Beach Maintenance Specialist,$18.24,2080,100.00%,111,$0,FB1,EE,7225,8810,$500
11141010,24,Beach Maintenance Specialist,$18.24,2080,100.00%,111,$0,FB1,EE,7225,8810,$500
11242000,25,Recycling Technician,$22.72,2080,100.00%,112,$0,,,7210,6217,$250
11242000,26,Solid Waste Heavy Equipment Operator,$22.51,2080,100.00%,112,$0,FB1,EE,7225,6217,$250
11141010,27,Beach Maintenance Specialist,$17.62,2080,100.00%,111,$0,,,7210,8810,$500
11242000,28,Director of Environmental Services,$56.34,2080,100.00%,112,$0,FB1,EE,7220,8810,$0
00104000,29,Current Planning Manager,$47.25,2080,100.00%,001,$0,FB1,EE,7225,8810,$0
00111001,30,Emergency Management Specialist,$21.50,1040,100.00%,001,$0,,,7225,8810,$0
00114000,31,Soil Conservation Technician,$17.95,2080,100.00%,001,$0,FB1,EE,7225,9410,$0
11141030,32,Visitor Information Specialist,$20.00,2080,100.00%,111,$0,FB1,EE,7225,8810,"$1,000"
00101040,33,Administrative Assistant II,$22.48,2080,50.00%,001,$0,FB1,EE,7210,8810,$0
00101040,34,Administrative Assistant II,$22.48,2080,50.00%,001,$0,FB1,EE,7210,8810,$0
11141000,35,Executive Director,$75.00,2080,100.00%,111,$0,FB1,EE,7210,8810,$0
00104000,36,Environmental/Floodplain Specialist,$43.26,2080,100.00%,001,$0,FB1,EE,7210,8810,$0
00102000,37,Director of Governmental Coordination,$41.52,2080,100.00%,001,$0,FB2,EE,7210,8810,$0
00102000,38,Technology & Media Manager,$39.57,2080,100.00%,001,$0,FB2,EE,7210,8810,$0
00102000,39,Director of Administrative Services,$65.09,2080,100.00%,001,$0,FB2,FAM,7210,8810,$0
00102000,40,County Administrator,$102.98,2080,100.00%,001,$0,FB2,EE,7235,8810,$0
00102000,41,Executive Aide To The County Administrator,$35.65,2080,100.00%,001,$0,FB2,FAM,7210,8810,$0
00102000,42,Administration Receptionist,$20.05,2080,100.00%,001,$0,FB5,FAM,7225,8810,$0
00102000,43,Technology Support Specialist,$27.62,2080,100.00%,001,$0,FB2,FAM,7225,8810,$0
00102000,44,Multimedia Support Specialist,$27.14,2080,100.00%,001,$0,FB2,FAM,7210,8810,$0
00102000,45,Administrative Specialist - Contracts,$26.70,2080,100.00%,001,$0,FB2,FAM,7210,8810,$0
00102000,46,Public Information Officer,$39.75,2080,100.00%,001,$0,FB3,EE,7225,8810,$0
00102000,47,Deputy County Administrator,$67.31,2080,100.00%,001,$0,FB3,EE,7210,8810,$0
00102000,48,Systems Administrator,$38.03,2080,100.00%,001,$0,FB1,EE,7210,8810,$0
00102000,49,Assistant County Administrator,$65.63,2080,100.00%,001,$0,FB1,EE,7235,8810,$0
00102000,50,Executive Assistant,$24.20,2080,100.00%,001,$0,FB7,FAM,7210,8810,$0
00102000,51,Program Development & Outreach Coordinator,$27.16,2080,100.00%,001,$0,FB2,EE,7225,8810,$0
00113000,52,Extension Clerk,$25.12,2080,100.00%,001,$0,,,7210,8810,$0
00113000,53,4-H Program Assistant,$21.27,2080,100.00%,001,$0,FB1,EE,7210,8810,$0
00113000,54,Extension Agent III,$17.71,2080,100.00%,001,$0,,,0,8810,$0
00113000,55,Extension Agent II,$30.52,2080,100.00%,001,$0,,,7210,8810,$0
00113000,56,Extension Agent II,$14.70,2080,100.00%,001,$0,,,7210,8810,$0
00113000,57,Director of County Extension,$28.07,2080,100.00%,001,$0,,,0,8810,$0
00113000,58,FCS Extension Agent,$8.38,1040,100.00%,001,$0,,,7210,9102,$0
00113000,59,Extension Agent III,$16.81,2080,100.00%,001,$0,,,7210,8810,$0
00101000,60,Chairperson's Aide,$35.00,2080,100.00%,001,$0,FB1,EE,7210,8810,$0
00106000,61,Fixed Asset & ADA Coordinator,$35.90,2080,100.00%,001,$0,FB2,EE,7210,8810,$0
11141010,,Beach Maintenance Landscape Technician,$25.14,2080,100.00%,111,$0,FB1,EE,7210,9102,$500
11141010,,Beach Maintenance Landscape Technician,$25.14,2080,100.00%,111,$0,FB1,EE,7210,9102,$500
11141010,62,Beach Maintenance Landscape Technician,$25.14,2080,100.00%,111,$0,FB2,EE,7210,9102,$500
11141010,63,Assistant Landscape Crew Leader,$24.81,2080,100.00%,111,$0,FB3,EE,7225,9015,$500
11141010,64,Director of Beach Operations,$57.69,2080,100.00%,111,$0,FB2,EE,7225,8810,$0
11141010,65,Executive Assistant,$32.50,2080,100.00%,111,$0,FB2,EE,7210,8810,$0
11141010,66,Administrative Assistant,$27.02,2080,100.00%,111,$0,FB3,FAM,7225,8810,$0
11141010,67,Shop Foreman,$38.26,2080,100.00%,111,$0,FB3,EE,7210,8380,$0
11141010,68,Assistant Beach Maintenance Specialist Crew Leader,$25.69,2080,100.00%,111,$0,FB1,EE,7210,9015,$500
11141010,69,Electrician,$35.11,2080,100.00%,111,$0,FB2,EE,7225,5190,$500
11141010,70,Beach Operations Projects Coordinator,$32.92,2080,100.00%,111,$0,FB2,FAM,7225,8810,$500
11141010,71,Deputy Director of Beach Operations,$45.22,2080,100.00%,111,$0,FB2,FAM,7225,8810,$0
11141010,72,Assistant Shop Foreman,$23.22,2080,100.00%,111,$0,FB1,EE,7210,8810,$500
11141010,73,Assistant Beach Maintenance Technician Crew Leader,$28.02,2080,100.00%,111,$0,FB2,EE,7210,9015,$500
11141010,74,Beach Maintenance Manager,$38.25,2080,100.00%,111,$0,FB3,EE,7225,8810,$500
11141010,75,Assistant Beach Maintenance Specialist Crew Leader,$25.69,2080,100.00%,111,$0,FB2,FAM,7225,9015,$500
11141010,76,Beach Maint Technician Crew Leader,$28.27,2080,100.00%,111,$0,FB2,EE,7225,9015,$500
11141010,77,Beach Maintenance Specialist,$23.45,2080,100.00%,111,$0,FB1,EE,7210,9102,$500
11141010,78,Beach Maintenance Specialist,$21.50,2080,100.00%,111,$0,FB1,EE,7210,9015,$500
11141010,79,Beach Maintenance Landscape Technician,$23.45,2080,100.00%,111,$0,FB3,EE,7210,9102,$500
11141010,80,Beach Maintenance Landscape Technician,$21.88,2080,100.00%,111,$0,FB2,FAM,7210,9102,$500
11141010,81,Beach Maintenance Landscape Technician,$20.06,2080,100.00%,111,$0,FB2,FAM,7210,9102,$500
11141010,82,Beach Maintenance Landscape Technician,$20.41,2080,100.00%,111,$0,FB2,FAM,7225,9102,$500
11141010,83,Beach Maintenance Landscape Technician,$20.06,2080,100.00%,111,$0,FB2,EE,7210,7380,$500
11141010,84,Beach Maintenance Specialist,$22.02,2080,100.00%,111,$0,FB2,EE,7200,9015,$500
11141010,85,Beach Maintenance Specialist,$22.02,2080,100.00%,111,$0,FB3,EE,7225,9015,$500
11141010,86,Beach Maintenance Specialist,$22.02,2080,100.00%,111,$0,FB2,EE,7225,9015,$500
11141010,87,Beach Maintenance Specialist,$20.90,2080,100.00%,111,$0,FB2,EE,7225,9015,$500
11141010,88,Beach Maintenance Specialist,$20.19,2080,100.00%,111,$0,FB2,EE,7225,9015,$500
11141010,89,Beach Maintenance Specialist,$19.78,2080,100.00%,111,$0,FB2,EE,7225,9015,$500
11141010,90,Beach Maintenance Specialist,$19.16,2080,100.00%,111,$0,FB3,EE,7225,9015,$500
11141010,91,Beach Maintenance Specialist,$19.16,2080,100.00%,111,$0,FB2,FAM,7225,9015,$500
11141010,92,Beach Maintenance Specialist,$19.16,2080,100.00%,111,$0,FB2,EE,7225,9015,$500
11141010,93,Beach Maintenance Specialist,$18.51,2080,100.00%,111,$0,FB2,EE,7210,9015,$500
11141010,94,Beach Maintenance Specialist,$18.51,2080,100.00%,111,$0,FB2,EE,7210,9015,$500
11141010,95,Beach Maintenance Specialist,$18.51,2080,100.00%,111,$0,FB3,EE,7210,9015,$500
11141010,96,Beach Maintenance Specialist,$18.51,2080,100.00%,111,$0,FB1,EE,7225,9015,$500
11141010,97,Beach Maintenance Specialist,$18.51,2080,100.00%,111,$0,FB3,EE,7225,9015,$500
11141010,98,Beach Maintenance Specialist,$18.83,2080,100.00%,111,$0,FB3,EE,7210,9015,$500
11141010,99,Beach Maintenance Specialist,$18.51,2080,100.00%,111,$0,FB1,EE,7225,9015,$500
11141010,100,Beach Maintenance Specialist,$18.51,2080,100.00%,111,$0,FB3,FAM,7210,9015,$500
11141010,101,Beach Maintenance Specialist,$18.51,2080,100.00%,111,$0,FB2,EE,7225,9015,$500
11141010,102,Beach Maintenance Specialist,$18.19,2080,100.00%,111,$0,FB1,EE,7210,9015,$500
11141010,103,Beach Maintenance Technician,$24.70,2080,100.00%,111,$0,FB2,FAM,7210,9015,$500
11141010,104,Beach Maintenance Technician,$33.18,2080,100.00%,111,$0,FB3,FAM,7210,9015,$500
11141010,105,Beach Maintenance Technician,$23.45,2080,100.00%,111,$0,FB3,FAM,7210,9015,$500
11141010,106,Beach Maintenance Technician,$32.05,2080,100.00%,111,$0,FB1,EE,7210,9015,$500
11141010,107,Beach Maintenance Technician,$20.77,2080,100.00%,111,$0,FB3,EE,7210,9015,$500
10326000,108,Office Manager,$44.92,2080,100.00%,103,$0,FB2,EE,7210,8810,$0
10326000,109,Building Technician,$23.31,2080,100.00%,103,$0,FB5,FAM,7225,8810,$0
10326000,110,Building Official,$80.15,2080,100.00%,103,$0,FB1,EE,7210,8810,$0
10326000,111,Building Inspector/Plans Reviewer,$52.64,2080,100.00%,103,$0,FB2,EE,7210,9410,$0
10326000,112,Building Coordinator,$29.01,2080,100.00%,105,$0,FB5,FAM,7210,8810,$0
10326000,113,Building Coordinator,$33.91,2080,100.00%,105,$0,FB1,FAM,7210,8810,$0
10326000,114,Building Technician,$24.13,2080,100.00%,103,$0,FB2,FAM,7225,8810,$0
10326000,115,Building Technician,$24.13,2080,100.00%,103,$0,FB3,EE,7225,8810,$0
10326000,116,Building Technician,$23.72,2080,100.00%,103,$0,FB3,EE,7225,8810,$0
10326000,117,Building Technician,$23.72,2080,100.00%,103,$0,FB5,FAM,7225,8810,$0
10326000,118,Building Technician,$23.31,2080,100.00%,103,$0,FB3,FAM,7210,8810,$0
10326000,119,Building Technician,$22.51,2080,100.00%,103,$0,FB2,FAM,7210,8810,$0
10326000,120,Building Inspector III,$46.31,2080,100.00%,103,$0,FB2,EE,7205,9410,$0
10326000,121,Building Inspector I,$33.08,2080,100.00%,103,$0,FB3,FAM,7210,9015,$0
10326000,122,Building Inspector III,$46.31,2080,100.00%,103,$0,FB3,EE,7210,9410,$0
10326000,123,Building Inspector I,$33.08,2080,100.00%,103,$0,FB3,EE,7210,9015,$0
10326000,124,Building Technician,$22.51,2080,100.00%,103,$0,FB1,EE,7210,8810,$0
10326000,125,Building Technician,$22.51,2080,100.00%,103,$0,FB2,FAM,7225,8810,$0
10326000,126,Plans Reviewer,$49.25,2080,100.00%,103,$0,FB3,FAM,7210,9015,$0
10326000,127,Building Clerk,$18.01,2080,100.00%,103,$0,FB2,EE,7210,8810,$0
10326000,128,Building Inspector I,$33.08,2080,100.00%,103,$0,FB2,EE,7225,9015,$0
00102030,129,Code Compliance Officer Street,$28.51,2080,100.00%,001,$0,FB3,FAM,7210,9410,"$1,000"
00102030,,Code Compliance Officer Street,$28.51,2080,100.00%,001,$0,FB1,EE,7210,9410,"$1,000"
00102030,,Code Compliance Officer Street,$28.51,2080,100.00%,001,$0,FB1,EE,7210,9410,"$1,000"
00102030,130,Code Compliance Officer Beach,$28.51,2080,10.00%,001,$0,FB3,FAM,7210,9410,"$1,000"
00102030,131,Code Compliance Technician,$24.20,2080,100.00%,001,$0,FB3,EE,7210,8810,$0
00102030,132,Code Compliance Technician,$27.80,2080,100.00%,001,$0,FB2,FAM,7210,8810,$0
00102030,133,Code Compliance Manager,$36.06,2080,100.00%,001,$0,FB1,EE,7210,9410,"$1,000"
00102030,134,Code Compliance Officer STR,$26.14,2080,100.00%,001,$0,FB3,EE,7210,9410,"$1,000"
00102030,135,Code Compliance Officer Street,$26.14,2080,100.00%,001,$0,FB2,FAM,7210,9410,"$1,000"
00102030,136,Code Compliance Officer Beach,$26.14,2080,10.00%,001,$0,FB2,FAM,7210,9410,"$1,000"
00102030,137,Code Compliance Shift Supervisor,$28.04,2080,90.00%,001,$0,FB2,FAM,7210,9410,"$1,000"
00102030,138,Code Compliance Shift Supervisor,$28.04,2080,10.00%,001,$0,FB2,FAM,7210,9410,"$1,000"
00102030,139,Code Compliance Officer Street,$26.14,2080,100.00%,001,$0,FB2,EE,7210,9410,"$1,000"
00102030,140,Code Compliance Officer Beach,$26.14,2080,10.00%,001,$0,FB2,EE,7210,9410,"$1,000"
00102030,141,Code Compliance Officer Street,$26.14,2080,100.00%,001,$0,FB2,EE,7210,9410,"$1,000"
00102030,142,Code Compliance Officer Beach,$26.14,2080,10.00%,001,$0,FB2,EE,7210,9410,"$1,000"
00102030,143,Code Compliance Officer Beach,$25.69,2080,90.00%,001,$0,FB2,FAM,7225,9410,"$1,000"
00102030,144,Code Compliance Officer Beach,$25.69,2080,10.00%,001,$0,FB2,FAM,7225,9410,"$1,000"
00102030,145,Code Compliance Officer Parking,$24.39,2080,100.00%,001,$0,FB1,EE,7210,9410,"$1,000"
00102030,146,Code Compliance Technician,$21.81,2080,100.00%,001,$0,FB2,EE,7210,8810,"$1,000"
00102030,147,Code Compliance Officer Parking,$25.25,2080,100.00%,001,$0,FB1,EE,7210,9410,"$1,000"
00102030,148,Code Compliance Officer Beach,$25.25,2080,90.00%,001,$0,FB2,EE,7210,9410,"$1,000"
00102030,149,Code Compliance Officer Beach,$25.25,2080,10.00%,001,$0,FB2,EE,7210,9410,"$1,000"
00102030,150,Office Manager,$40.91,2080,100.00%,001,$0,FB2,EE,7210,8810,$0
00102030,151,Director of Code Compliance,$71.64,2080,50.00%,001,$0,FB2,EE,7251,8810,$0
00102030,152,Director of Code Compliance,$71.64,2080,50.00%,001,$0,FB2,EE,7251,8810,$0
00102030,153,Code Compliance Officer Beach,$26.60,2080,90.00%,001,$0,FB3,EE,7225,9410,"$1,000"
00102030,154,Code Compliance Officer Beach,$26.60,2080,10.00%,001,$0,FB3,EE,7225,9410,"$1,000"
00102030,155,Code Compliance Officer Beach,$27.06,2080,90.00%,001,$0,FB2,EE,7210,9410,"$1,000"
00102030,156,Code Compliance Officer Beach,$27.06,2080,10.00%,001,$0,FB2,EE,7210,9410,"$1,000"
00102030,157,Code Compliance Shift Supervisor,$28.55,2080,90.00%,001,$0,FB2,EE,7225,9410,"$1,000"
00102030,158,Code Compliance Shift Supervisor,$28.55,2080,10.00%,001,$0,FB2,EE,7225,9410,"$1,000"
00102030,159,Code Compliance Shift Supervisor,$28.09,2080,90.00%,001,$0,FB2,EE,7225,9410,"$1,000"
00102030,160,Code Compliance Shift Supervisor,$28.09,2080,10.00%,001,$0,FB2,EE,7225,9410,"$1,000"
00102030,161,Deputy Director of Code Compliance,$47.54,2080,50.00%,001,$0,FB2,EE,7245,8810,$0
00102030,162,Deputy Director of Code Compliance,$47.54,2080,50.00%,001,$0,FB2,EE,7245,8810,$0
00102030,163,Code Compliance Technician,$21.43,2080,100.00%,001,$0,FB2,FAM,7225,8810,"$1,000"
00102030,164,Code Compliance Officer Beach,$24.81,2080,90.00%,001,$0,FB1,EE,7210,9410,"$1,000"
00102030,166,Code Compliance Manager,$40.16,2080,90.00%,001,$0,FB3,EE,7210,9410,"$1,000"
00102030,167,Code Compliance Manager,$40.16,2080,10.00%,001,$0,FB3,EE,7210,9410,"$1,000"
00102030,168,Lead Beach Steward,$21.20,2080,90.00%,001,$0,FB3,EE,7225,9015,"$1,000"
00102030,169,Lead Beach Steward,$21.20,2080,10.00%,001,$0,FB3,EE,7225,9015,"$1,000"
00102030,170,Lead Beach Steward,$21.20,2080,90.00%,001,$0,FB3,FAM,7225,9015,"$1,000"
00102030,171,Lead Beach Steward,$21.20,2080,10.00%,001,$0,FB3,FAM,7225,9015,"$1,000"
00102030,172,Code Compliance Officer Beach,$24.39,2080,90.00%,001,$0,FB3,FAM,7225,9410,"$1,000"
00102030,173,Code Compliance Officer Beach,$24.39,2080,10.00%,001,$0,FB3,FAM,7225,9410,"$1,000"
00102030,174,Code Compliance Officer Parking,$24.39,2080,100.00%,001,$0,FB2,EE,7210,9410,"$1,000"
00102030,175,Code Compliance Officer Beach,$25.25,2080,90.00%,001,$0,FB2,FAM,7225,9410,"$1,000"
00102030,177,Code Compliance Officer Beach,$25.25,2080,90.00%,001,$0,FB2,FAM,7225,9410,"$1,000"
00102030,179,Operations Support Specialist,$23.63,2080,100.00%,001,$0,FB2,EE,7225,8810,"$1,000"
00102030,180,Code Compliance Officer Beach,$24.39,2080,90.00%,001,$0,FB1,EE,7225,9410,"$1,000"
00102030,181,Code Compliance Officer Beach,$24.39,2080,10.00%,001,$0,FB1,EE,7225,9410,"$1,000"
00102030,182,Code Compliance Shift Supervisor,$28.04,2080,100.00%,001,$0,FB1,EE,7225,8810,"$1,000"
00102030,,Code Compliance Shift Supervisor,$28.04,2080,100.00%,001,$0,FB1,EE,7225,8810,"$1,000"
00102030,183,Code Compliance Shift Supervisor,$28.04,2080,100.00%,001,$0,FB1,EE,7225,8810,"$1,000"
00102030,184,Code Compliance Officer Beach,$24.39,2080,90.00%,001,$0,FB1,EE,7210,9410,"$1,000"
00102030,186,Code Compliance Officer Parking,$24.39,2080,100.00%,001,$0,FB1,EE,7210,9410,"$1,000"
00102030,187,Code Compliance Officer Beach,$25.69,2080,90.00%,001,$0,FB1,EE,7225,9410,"$1,000"
00102030,188,Code Compliance Officer Beach,$25.69,2080,10.00%,001,$0,FB1,EE,7225,9410,"$1,000"
00102030,189,Code Compliance Officer Beach,$26.14,2080,90.00%,001,$0,FB1,EE,7210,9410,"$1,000"
00102030,190,Code Compliance Officer Beach,$26.14,2080,10.00%,001,$0,FB1,EE,7210,9410,"$1,000"
00102030,191,Code Compliance Officer Beach,$26.14,2080,90.00%,001,$0,FB1,EE,7225,9410,"$1,000"
00102030,192,Code Compliance Officer Beach,$26.14,2080,10.00%,001,$0,FB1,EE,7225,9410,"$1,000"
00102030,194,Code Compliance Officer Beach,$28.00,2080,90.00%,001,$0,FB1,EE,7210,9410,"$1,000"
00102030,195,Code Compliance Officer Beach,$28.00,2080,10.00%,001,$0,FB1,EE,7210,9410,"$1,000"
00117000,196,Custodian,$22.64,2080,100.00%,001,$0,FB3,FAM,7210,9015,$0
00117000,197,Custodian,$18.70,2080,100.00%,001,$0,FB2,EE,7225,9015,$0
00117000,,Custodian,$18.70,2080,100.00%,001,$0,FB2,EE,7225,9015,$0
00117000,198,Custodian,$18.70,2080,100.00%,001,$0,FB2,EE,7210,9015,$0
00117000,199,Custodian,$18.38,2080,100.00%,001,$0,FB2,EE,7210,9015,$0
00117000,200,Custodian,$19.70,2080,100.00%,001,$0,FB2,EE,7210,9015,$0
00117000,201,Custodian,$17.76,2080,100.00%,001,$0,FB1,EE,7210,9015,$0
00117000,202,Custodian,$16.00,2080,100.00%,001,$0,FB2,EE,7210,9015,$0
00117000,203,Custodian,$16.00,2080,100.00%,001,$0,FB2,EE,7210,9015,$0
00117000,204,Custodian Supervisor,$27.45,2080,100.00%,001,$0,FB2,FAM,7225,9015,$0
00117000,205,Custodian,$15.72,2080,100.00%,001,$0,FB5,FAM,7210,9015,$0
00117000,206,Custodian,$16.00,2080,100.00%,001,$0,FB2,EE,7210,9015,$0
10326000,207,Custodian - Building,$16.37,2080,100.00%,103,$0,FB2,EE,7210,9015,$0
00101000,209,Commissioner's Aide,$34.33,2080,100.00%,001,$0,FB1,EE,7210,8810,$0
00101000,210,County Commissioner,$30.64,2080,100.00%,001,"$15,500",FB1,EE,7230,8810,$0
00101000,211,Commissioner's Aide,$39.50,2080,100.00%,001,$0,FB2,EE,7205,8810,$0
00101000,212,County Commissioner,$30.64,2080,100.00%,001,"$15,500",FB1,EE,7250,8810,$0
00101000,213,Commissioner's Aide,$37.10,2080,100.00%,001,$0,FB1,EE,7210,8810,$0
00101000,214,County Commissioner,$30.64,2080,100.00%,001,"$15,500",FB1,EE,7230,8810,$0
00101000,215,Commissioner's Aide,$33.65,2080,100.00%,001,$0,FB2,EE,7210,8810,$0
00101000,216,County Commissioner,$30.64,2080,100.00%,001,"$15,500",FB1,EE,7230,8810,$0
00101000,217,Commissioner's Aide,$38.12,2080,100.00%,001,$0,FB1,EE,7225,8810,$0
00101000,218,County Commissioner,$30.64,2080,100.00%,001,"$15,500",FB1,EE,7230,8810,$0
00111001,219,Emergency Management Coordinator,$36.42,2080,100.00%,001,$0,FB3,FAM,7225,8810,$0
00111001,220,Director of Emergency Management,$57.38,2080,100.00%,001,$0,FB3,EE,7220,8810,$0
00111001,221,Deputy Director of Emergency Management,$43.50,2080,100.00%,001,$0,FB3,FAM,7225,8810,$0
00111001,222,Emergency Management Logistics Coordinator,$32.11,2080,100.00%,001,$0,FB3,FAM,7220,8810,$0
00111001,,Technology Coordinator,$26.00,1040,100.00%,001,$0,,,7210,8810,$0
00113000,,Office Manager,$29.99,2080,100.00%,001,$0,FB3,EE,7210,8810,$0
00119000,,Environmental Scientist,$29.87,2080,100.00%,001,$0,FB1,EE,7225,8810,$0
10116002,,Junior Survey Party Chief,$29.35,2080,100.00%,101,$0,,,7210,8601,$0
00111001,223,Recovery & Mitigation Coordinator,$32.21,2080,100.00%,001,$0,FB3,EE,7225,8810,$0
10116002,224,CEI Project Coordinator,$53.97,2080,100.00%,101,$0,FB2,EE,7210,8810,$0
10116002,225,Senior Survey Party Chief,$47.40,2080,100.00%,101,$0,FB2,FAM,7210,8601,$0
10116002,226,Capital Improvements Work Program Engineer,$69.85,2080,100.00%,101,$0,FB2,EE,7210,8603,$0
10116002,227,County Engineer,$77.33,2080,100.00%,101,$0,FB2,FAM,7220,8603,$0
10116002,228,Long Range Infrastructure Program Engineer,$69.85,2080,100.00%,101,$0,FB3,EE,7210,8603,$0
10116002,229,Projects Manager,$47.45,2080,100.00%,101,$0,FB2,EE,7210,8810,$0
10116002,230,County Surveyor,$53.27,2080,100.00%,101,$0,FB3,FAM,7210,8601,$0
10116002,231,Staff Engineer II,$61.94,2080,100.00%,101,$0,FB2,FAM,7210,8810,$0
10116002,232,Senior Right of Way Specialist,$41.75,2080,100.00%,101,$0,FB3,EE,7210,8810,$0
10116002,233,Administrative Project Coordinator,$26.60,2080,100.00%,101,$0,FB1,EE,7210,8810,$0
10116002,234,Staff Engineer I,$47.96,2080,100.00%,101,$0,FB3,FAM,7210,8603,$0
10116002,235,Engineering Technician I,$37.74,2080,100.00%,101,$0,FB2,EE,7210,8810,$0
10116002,236,Staff Engineer I,$42.91,2080,100.00%,101,$0,FB2,EE,7210,8603,$0
00119000,237,Environmental Manager,$48.90,2080,100.00%,001,$0,FB2,EE,7210,8810,$0
00119000,238,Environmental Technician,$26.14,2080,100.00%,001,$0,FB1,EE,7225,8810,$0
00112040,239,Food & Beverage Manager,$31.83,2080,100.00%,001,$0,FB2,EE,7210,8810,"$1,000"
00112040,240,Golf Course Cook,$26.56,2080,100.00%,001,$0,FB3,FAM,7225,9082,"$1,000"
00112040,241,Golf Course Server,$10.98,2080,100.00%,001,$0,FB3,EE,7225,9082,"$1,000"
00112040,242,Golf Course Server,$10.98,2080,100.00%,001,$0,,,0,9082,"$1,000"
00112040,243,Golf Course Cook,$20.47,2080,100.00%,001,$0,FB2,EE,7225,9082,"$1,000"
00112040,244,Lead Golf Course Server,$11.98,2080,100.00%,001,$0,,,7225,9082,"$1,000"
00117000,245,Facilities Maintenance Technician I,$19.50,2080,100.00%,001,$0,FB3,EE,7210,9015,$100
00117000,246,Facilities Maintenance Technician I,$19.84,2080,100.00%,001,$0,FB3,EE,7225,9015,$100
00117000,247,Facilities Maintenance Technician III,$24.89,2080,100.00%,001,$0,FB2,EE,7210,9015,$100
00117000,,Facilities Maintenance Technician III,$24.89,2080,100.00%,001,$0,FB1,EE,7210,9015,$100
00117000,248,Deputy Director of Building Construction & Facilities Maintenance,$44.17,2080,100.00%,001,$0,FB6,FAM,7210,9015,$0
00117000,249,Facilities Maintenance Technician III,$40.94,2080,100.00%,001,$0,FB1,EE,7210,5190,$100
00117000,250,Facilities Maintenance Technician III,$36.46,2080,100.00%,001,$0,FB3,EE,7210,9015,$100
00117000,251,Facilities Maintenance Technician II,$26.39,2080,100.00%,001,$0,FB3,EE,7210,9015,$100
00117000,,Facilities Maintenance Technician II,$26.39,2080,100.00%,001,$0,FB1,EE,7210,9015,$100
00117000,252,Facilities Maintenance Technician II,$31.94,2080,100.00%,001,$0,FB2,FAM,7210,9015,$100
00117000,253,Facilities Maintenance Technician II,$24.62,2080,100.00%,001,$0,FB2,EE,7200,9015,$100
00117000,254,Facilities Maintenance Technician III,$34.01,2080,100.00%,001,$0,FB2,EE,7210,9015,$100
00117000,255,Facilities Maintenance Technician I,$21.27,2080,100.00%,001,$0,FB3,EE,7210,9015,$100
00117000,256,Facilities Maintenance Technician III,$30.65,2080,100.00%,001,$0,FB2,EE,7225,9015,$100
00117000,257,Facilities Maintenance Technician II,$22.19,2080,100.00%,001,$0,FB2,EE,7210,9015,$100
00117000,258,Facilities Maintenance Technician II,$24.20,2080,100.00%,001,$0,FB3,EE,7210,9015,$100
00117000,259,Facilities Maintenance Technician I,$20.90,2080,100.00%,001,$0,FB2,EE,7210,9015,$100
00117000,260,Facilities Maintenance Technician II,$21.43,2080,100.00%,001,$0,FB2,EE,7245,9015,$100
00117000,261,Facilities Maintenance Technician I,$20.54,2080,100.00%,001,$0,FB1,EE,7210,9015,$100
00117000,262,Facilities Maintenance Technician I,$19.84,2080,100.00%,001,$0,FB1,EE,7225,9015,$100
00117000,263,Facilities Maintenance Technician I,$19.50,2080,100.00%,001,$0,FB2,EE,7210,9015,$100
00117000,264,Facilities Maintenance Technician I,$18.83,2080,100.00%,001,$0,FB6,FAM,7225,9015,$100
00117000,265,Executive Assistant,$28.78,2080,100.00%,001,$0,FB2,EE,7210,8810,$0
00117000,266,Work Order Supervisor,$30.58,2080,100.00%,001,$0,FB5,FAM,7210,9015,$0
00117000,267,Construction Foreman,$38.53,2080,100.00%,001,$0,FB1,FAM,7210,9015,$0
00117000,268,Administrative Assistant,$22.33,2080,100.00%,001,$0,FB2,EE,7210,8810,$0
00117000,269,Director of Building Construction & Maintenance,$61.68,2080,100.00%,001,$0,FB2,FAM,7210,8810,$0
00117000,270,Facilities Maintenance Technician I,$20.54,2080,100.00%,001,$0,FB2,EE,7210,9015,$100
00117000,271,Facilities Maintenance Technician I,$18.19,2080,100.00%,001,$0,FB2,EE,7210,9015,$100
00117000,272,Facilities Maintenance Technician I,$22.25,2080,100.00%,001,$0,FB1,EE,7210,9015,$100
00117000,273,Facilities Maintenance Technician I,$18.19,2080,100.00%,001,$0,FB1,EE,7210,9015,$100
11040010,274,FSS Program Coordinator,$23.36,2080,100.00%,110,$0,FB1,EE,7210,8810,$0
00105000,275,GIS Specialist,$31.39,2080,100.00%,001,$0,FB2,FAM,7210,8810,$0
00105000,276,GIS Technician II,$31.09,2080,100.00%,001,$0,FB2,EE,7210,8810,$0
00105000,,GIS Technician I,$29.10,2080,100.00%,001,$0,FB3,FAM,7210,8810,$0
00105000,277,GIS Data Coordinator,$38.84,2080,100.00%,001,$0,FB3,FAM,7210,8810,$0
00105000,278,GIS Analyst II,$41.63,2080,100.00%,001,$0,FB2,EE,7210,8810,$0
00105000,279,Director of GIS,$50.84,2080,100.00%,001,$0,FB2,EE,7210,8810,$0
00112010,280,Golf Course Grounds Crew,$19.64,2080,100.00%,001,$0,FB2,EE,7210,9060,$500
00112010,281,Golf Course Grounds Crew,$21.42,2080,100.00%,001,$0,FB2,EE,7225,9060,$500
00112010,282,Golf Course Grounds Crew,$19.30,2080,100.00%,001,$0,FB1,EE,7225,9060,$500
00112010,283,Golf Course Attendant,$16.57,2080,100.00%,001,$0,FB1,FAM,7225,9060,$500
00112010,284,Assistant Golf Course Superintendent,$28.97,2080,100.00%,001,$0,FB2,FAM,7210,9060,$0
00112010,285,Golf Course Spray Technician,$20.98,2080,100.00%,001,$0,FB6,FAM,7210,9060,$500
00112010,286,Golf Course & Sports Park Superintendent,$42.12,2080,100.00%,001,$0,FB2,FAM,7210,9060,$0
00112010,287,Golf Course Attendant,$16.00,1040,100.00%,001,$0,,,7225,9060,$500
00112010,288,Golf Course Attendant,$16.00,2080,100.00%,001,$0,FB1,FAM,7225,9060,$500
00112010,289,Golf Course Grounds Crew,$19.70,2080,100.00%,001,$0,FB2,EE,7210,9060,$500
00112010,290,Golf Course Attendant,$15.72,1040,100.00%,001,$0,,,7225,9060,$500
00112010,291,Golf Course Grounds Crew,$16.51,1040,100.00%,001,$0,FB2,EE,7225,9060,$500
00112010,,Golf Course Grounds Crew,$16.51,1040,100.00%,001,$0,FB2,EE,7225,9060,$500
00112010,292,Golf Course Grounds Crew,$16.80,1040,100.00%,001,$0,FB2,EE,7225,9060,$500
00112010,293,Golf Course Attendant,$17.36,1040,100.00%,001,$0,,,7225,9060,$500
00106000,294,Employee Relations Manager,$38.34,2080,100.00%,001,$0,FB3,FAM,7210,8810,$0
00106000,295,HRIS Coordinator,$33.09,2080,100.00%,001,$0,FB2,EE,7210,8810,$0
00106000,296,Human Resources Technician,$22.19,2080,100.00%,001,$0,FB2,FAM,7210,8810,$0
00106000,297,Administrative Assistant,$19.44,2080,100.00%,001,$0,FB2,FAM,7210,8810,$0
00106000,298,Human Resources Supervisor,$35.34,2080,100.00%,001,$0,FB3,FAM,7225,8810,$0
00106000,299,Human Resources Generalist,$27.16,2080,100.00%,001,$0,FB2,EE,7210,8810,$0
00106000,300,Risk & Safety Manager,$36.27,2080,100.00%,001,$0,FB2,FAM,7225,8810,$0
00106000,,Benefits Coordinator ,$29.11,2080,100.00%,001,$0,FB2,EE,7210,8810,$0
00106000,301,Director of Human Resources,$63.10,2080,100.00%,001,$0,FB3,EE,7235,8810,$0
00106000,302,Human Resources Generalist,$27.16,2080,100.00%,001,$0,FB3,FAM,7210,8810,$0
00106000,303,Administrative Support Specialist,$20.41,2080,100.00%,001,$0,FB1,FAM,7210,8810,$0
11141000,304,Human Resources Generalist - Tourism,$27.16,2080,100.00%,111,$0,FB3,EE,7225,8810,$0
00106000,305,Human Resources Generalist - Tourism,$27.16,2080,0.00%,001,$0,FB3,EE,7225,8810,$0
11040000,306,Director of Housing,$55.90,2080,100.00%,110,$0,FB1,EE,7225,8810,$0
11040000,307,Assistant Hud Director,$36.30,2080,100.00%,110,$0,FB1,EE,7210,8810,$0
00103000,308,Public Records Coordinator,$33.91,2080,100.00%,001,$0,FB2,FAM,7210,8810,$0
00103000,309,Paralegal,$33.80,2080,100.00%,001,$0,FB3,EE,7210,8810,$0
00103000,310,Records Management Liaison Officer,$34.18,2080,100.00%,001,$0,FB2,FAM,7210,8810,$0
00103000,311,Assistant County Attorney,$73.94,2080,100.00%,001,$0,FB3,EE,7220,8820,$0
00103000,312,Assistant County Attorney,$72.49,2080,100.00%,001,$0,FB2,EE,7235,8820,$0
00103000,313,Public Records Technician I,$23.31,2080,100.00%,001,$0,FB2,EE,7225,8810,$0
00103000,314,Contracts Manager,$44.30,2080,100.00%,001,$0,FB1,EE,7225,8810,$0
00103000,,Contracts Coordinator,$29.81,2080,100.00%,001,$0,FB1,EE,7225,8810,$0
11141040,,Content & Public Relations Specialist,$29.93,2080,100.00%,111,$0,FB2,EE,7225,8810,$250
00103000,315,Public Records Technician I,$18.24,2080,100.00%,001,$0,FB3,EE,7200,8810,$0
00108000,316,Library Clerk,$18.64,2080,100.00%,001,$0,FB3,EE,7210,8810,$250
00108000,317,Library Clerk,$18.97,2080,100.00%,001,$0,FB2,EE,7210,8810,$250
00108000,318,Library Clerk,$24.18,2080,100.00%,001,$0,FB2,EE,7210,8810,$250
00108000,319,Director of Libraries,$44.61,2080,100.00%,001,$0,FB1,EE,7210,8810,$0
00108000,320,Library Clerk,$18.97,2080,100.00%,001,$0,FB6,FAM,7210,8810,$250
00108000,321,Library Clerk,$18.01,2080,100.00%,001,$0,FB3,EE,7210,8810,$250
00108000,322,Library Administrative Specialist,$28.88,2080,100.00%,001,$0,FB2,EE,7210,8810,$0
00108000,323,Interlibrary Loan Coordinator,$20.62,2080,100.00%,001,$0,FB3,EE,7210,8810,$0
00108000,324,Library Branch Manager,$38.48,2080,100.00%,001,$0,FB2,EE,7210,8810,$0
00108000,325,Library Youth Services Clerk,$18.01,2080,100.00%,001,$0,FB2,FAM,7210,8810,$250
00108000,326,Library Branch Manager,$31.09,2080,100.00%,001,$0,FB2,EE,7210,8810,$0
00108000,327,Library Technology Specialist,$28.60,2080,100.00%,001,$0,FB3,EE,7210,8810,$0
00108000,328,Library Youth Services Clerk,$17.70,2080,100.00%,001,$0,FB2,EE,7210,8810,$250
00108000,329,Library Branch Manager,$30.89,2080,100.00%,001,$0,FB1,EE,7225,8810,$0
00108000,330,Library Technical Services Coordinator,$25.33,2080,100.00%,001,$0,FB3,FAM,7225,8810,$250
00108000,331,Outreach Librarian,$27.16,2080,100.00%,001,$0,FB2,EE,7225,8810,$250
00108000,332,Library Youth Services Clerk,$17.95,2080,100.00%,001,$0,FB1,EE,7225,8810,$250
00108000,333,Library Youth Services Clerk,$17.34,1040,100.00%,001,$0,FB1,EE,7225,8810,$250
00108000,334,Library Clerk,$15.99,1040,100.00%,001,$0,FB2,EE,7210,8810,$250
00108000,335,Library Youth Services Clerk,$17.95,2080,100.00%,001,$0,FB2,EE,7210,8810,$250
00108000,336,Library Youth Services Clerk,$17.34,1040,100.00%,001,$0,FB1,$0,7225,8810,$250
10528000,337,Mosquito Control Manager,$35.92,2080,100.00%,105,$0,FB2,EE,7205,8810,$0
10528000,338,Mosquito Control Coordinator,$26.70,2080,100.00%,105,$0,FB2,EE,7210,8810,$250
10528000,339,Mosquito Control Technician II,$20.54,2080,100.00%,105,$0,FB2,EE,7210,9402,$250
10528000,340,Mosquito Control Technician II,$20.54,2080,100.00%,105,$0,FB2,EE,7210,9402,$250
10528000,341,Mosquito Control Technician I,$17.64,2080,100.00%,105,$0,FB2,EE,7210,9402,$250
10528000,342,Mosquito Control Technician II,$20.90,2080,100.00%,105,$0,FB3,EE,7225,9402,$250
00107000,343,Budget Analyst,$35.34,2080,100.00%,001,$0,FB2,EE,7210,8810,$0
00107000,344,Budget Analyst,$33.34,2080,100.00%,001,$0,FB3,EE,7210,8810,$0
00107000,345,Budget Director,$54.02,2080,100.00%,001,$0,FB2,EE,7225,8810,$0
00107000,346,Chief Financial Officer,$90.96,2080,100.00%,001,$0,FB3,FAM,7220,8810,$0
00107000,347,Grants Coordinator,$31.25,2080,100.00%,001,$0,FB3,EE,7205,8810,$0
00107000,348,Grants Manager,$44.24,2080,100.00%,001,$0,FB2,EE,7210,8810,$0
00107000,349,Grants Coordinator,$26.92,2080,100.00%,001,$0,FB3,EE,7205,8810,$0
10116001,350,Asphalt Operator II,$23.31,2080,100.00%,101,$0,FB2,FAM,7210,5509,$100
10116001,,County Shop Foreman,$29.66,2080,100.00%,101,$0,FB2,EE,7210,8380,$0
10116001,351,Heavy Equipment Operator,$23.31,2080,100.00%,101,$0,FB3,EE,7210,5509,$100
10116001,352,Executive Assistant,$23.37,2080,100.00%,101,$0,FB2,EE,7210,8810,$0
10116001,353,General Equipment Operator,$21.57,2080,100.00%,101,$0,FB2,EE,7225,5509,$100
10116001,354,Heavy Equipment Operator,$24.55,2080,100.00%,101,$0,FB4,FAM,7210,5509,$100
10116001,355,Heavy Equipment Operator,$22.51,2080,100.00%,101,$0,FB2,EE,7210,5509,$100
10116001,356,Field Service Technician,$38.40,2080,100.00%,101,$0,FB2,EE,7205,8380,$0
10116001,,Field Service Technician,$38.40,2080,100.00%,101,$0,FB1,EE,7205,8380,$0
10116001,357,Assistant Road Foreman,$31.64,2080,100.00%,101,$0,FB2,EE,7210,5509,$0
10116001,358,Asphalt Operator II,$30.77,2080,100.00%,101,$0,FB2,EE,7210,5509,$100
10116001,359,Road Foreman,$38.96,2080,100.00%,101,$0,FB1,EE,7205,5509,$0
10116001,360,General Equipment Operator,$22.72,2080,100.00%,101,$0,FB6,FAM,7210,5509,$100
10116001,361,Heavy Equipment Operator,$23.31,2080,100.00%,101,$0,FB3,EE,7210,5509,$100
10116001,362,Heavy Equipment Operator,$24.98,2080,100.00%,101,$0,FB3,FAM,7210,5509,$100
10116001,363,Heavy Equipment Operator,$23.31,2080,100.00%,101,$0,FB2,EE,7200,5509,$100
10116001,364,Heavy Equipment Operator,$24.55,2080,100.00%,101,$0,FB2,EE,7210,5509,$100
10116001,365,Heavy Equipment Operator,$26.78,2080,100.00%,101,$0,FB1,EE,7210,5509,$100
10116001,366,Deputy Director of Public Works,$61.81,2080,100.00%,101,$0,FB2,EE,7210,8810,$0
10116001,367,Heavy Equipment Operator,$25.42,2080,100.00%,101,$0,FB2,EE,7225,5509,$100
10116001,368,Assistant Road Foreman,$35.72,2080,100.00%,101,$0,FB2,EE,7210,5509,$0
10116001,369,General Equipment Operator,$24.78,2080,100.00%,101,$0,FB2,EE,7210,5509,$100
10116001,370,Public Works Accounting Technician,$38.58,2080,100.00%,101,$0,FB2,EE,7210,8810,$0
10116001,371,Heavy Equipment Operator,$24.55,2080,100.00%,101,$0,FB3,EE,7210,5509,$100
10116001,372,Special Projects Coordinator,$45.36,2080,100.00%,101,$0,FB3,EE,7205,5509,$0
10116001,373,Asphalt Operator II,$24.55,2080,100.00%,101,$0,FB2,EE,7210,5509,$100
10116001,374,Administrative Assistant,$21.57,2080,100.00%,101,$0,FB5,FAM,7210,8810,$0
10116001,375,Heavy Equipment Operator,$24.98,2080,100.00%,101,$0,FB1,EE,7210,5509,$100
10116001,376,Inventory Control Specialist,$20.33,2080,100.00%,101,$0,FB5,FAM,7210,8810,$0
10116001,377,Road Foreman,$42.49,2080,100.00%,101,$0,FB2,EE,7210,5509,$0
10116001,378,Heavy Equipment Operator,$23.31,2080,100.00%,101,$0,FB2,EE,7225,5509,$100
10116001,379,Heavy Equipment Operator,$23.31,2080,100.00%,101,$0,FB3,EE,7210,5509,$100
10116001,380,Heavy Equipment Operator,$23.31,2080,100.00%,101,$0,FB1,EE,7225,5509,$100
10116001,382,Paint Foreman,$36.62,2080,100.00%,101,$0,FB3,EE,7210,5509,$0
10116001,383,Asphalt Foreman,$36.51,2080,100.00%,101,$0,FB3,FAM,7210,5509,$0
10116001,384,Heavy Equipment Operator,$24.13,2080,100.00%,101,$0,FB3,EE,7210,5509,$100
10116001,385,Administrative Assistant,$31.05,2080,100.00%,101,$0,FB2,EE,7210,8810,$0
10116001,386,General Equipment Operator,$25.65,2080,100.00%,101,$0,FB2,FAM,7210,5509,$100
10116001,387,Heavy Equipment Operator,$23.31,2080,100.00%,101,$0,FB3,FAM,7225,5509,$100
10116001,388,Work Squad Supervisor,$22.97,2080,100.00%,101,$0,FB2,FAM,7210,5509,$0
10116001,389,Heavy Equipment Operator,$25.42,2080,100.00%,101,$0,FB1,EE,7210,5509,$100
10116001,390,Work Order Supervisor,$38.55,2080,100.00%,101,$0,FB6,FAM,7210,8810,$100
10116001,391,Automotive Equipment Technician I,$19.16,2080,100.00%,101,$0,FB1,EE,7225,8380,$100
10116001,392,Heavy Equipment Operator,$24.13,2080,100.00%,101,$0,FB3,EE,7225,5509,$100
10116001,393,Heavy Equipment Operator,$22.91,2080,100.00%,101,$0,FB2,EE,7210,5509,$100
10116001,394,General Equipment Operator,$20.93,2080,100.00%,101,$0,FB3,EE,7225,5509,$100
10116001,395,Specialty Crew Foreman,$33.43,2080,100.00%,101,$0,FB6,FAM,7210,5509,$0
10116001,396,Assistant Road Foreman,$28.51,2080,100.00%,101,$0,FB2,EE,7210,5509,$0
10116001,397,General Equipment Operator,$20.93,2080,100.00%,101,$0,FB3,FAM,7225,5509,$100
10116001,398,General Equipment Operator,$21.20,2080,100.00%,101,$0,FB2,FAM,7225,5509,$100
10116001,399,General Equipment Operator,$23.12,2080,100.00%,101,$0,FB3,EE,7210,5509,$100
10116001,400,Office Manager,$38.58,2080,100.00%,101,$0,FB4,FAM,7210,8810,$0
10116001,401,Mot Flagger,$19.57,2080,100.00%,101,$0,FB3,EE,7210,5509,$100
10116001,402,Heavy Equipment Operator,$22.51,2080,100.00%,101,$0,FB1,EE,7210,5509,$100
10116001,,Heavy Equipment Operator,$22.51,2080,100.00%,101,$0,FB1,EE,7210,5509,$100
10116001,403,Heavy Equipment Operator,$23.31,2080,100.00%,101,$0,FB2,EE,7210,5509,$100
10116001,404,Heavy Equipment Operator,$23.31,2080,100.00%,101,$0,FB2,FAM,7210,5509,$100
10116001,405,Paint Heavy Equipment Operator,$32.98,2080,100.00%,101,$0,FB2,EE,7210,5509,$100
10116001,406,Heavy Equipment Operator,$24.55,2080,100.00%,101,$0,FB3,EE,7210,5509,$100
10116001,407,Heavy Equipment Operator,$23.31,2080,100.00%,101,$0,FB2,EE,7210,5509,$100
10116001,408,North Zone Manager,$41.10,2080,100.00%,101,$0,FB2,EE,7225,5509,$0
10116001,409,Heavy Equipment Operator,$22.51,2080,100.00%,101,$0,FB2,EE,7210,5509,$100
10116001,410,Heavy Equipment Operator,$22.51,2080,100.00%,101,$0,FB1,EE,7210,5509,$100
10116001,411,Heavy Equipment Operator,$24.55,2080,100.00%,101,$0,FB2,EE,7210,5509,$100
10116001,412,Heavy Equipment Operator,$24.13,2080,100.00%,101,$0,FB2,EE,7225,5509,$100
10116001,413,Heavy Equipment Operator,$24.13,2080,100.00%,101,$0,FB2,EE,7205,5509,$100
10116001,414,Administrative Assistant,$20.12,2080,100.00%,101,$0,FB2,FAM,7225,8810,$0
10116001,415,Heavy Equipment Operator,$23.31,2080,100.00%,101,$0,FB2,FAM,7210,5509,$100
10116001,416,Heavy Equipment Operator,$26.78,2080,100.00%,101,$0,FB2,EE,7210,5509,$100
10116001,417,Heavy Equipment Operator,$23.31,2080,100.00%,101,$0,FB2,EE,7210,5509,$100
10116001,418,Heavy Equipment Operator,$22.91,2080,100.00%,101,$0,FB2,EE,7210,5509,$100
10116001,419,Heavy Equipment Operator,$24.10,2080,100.00%,101,$0,FB1,EE,7210,5509,$100
10116001,420,Sign Shop Technician,$22.72,2080,100.00%,101,$0,FB3,FAM,7225,5509,$100
10116001,421,Automotive Equipment Technician III,$28.10,2080,100.00%,101,$0,FB2,EE,7225,8380,$100
10116001,422,Heavy Equipment Operator,$35.35,2080,100.00%,101,$0,FB2,EE,7210,5509,$100
10116001,423,Asphalt Operator I,$19.44,2080,100.00%,101,$0,FB3,EE,7225,5509,$100
10116001,424,Automotive Equipment Technician I,$24.43,2080,100.00%,101,$0,FB2,EE,7210,8380,$100
10116001,425,Administrative Assistant,$21.57,2080,100.00%,101,$0,FB6,FAM,7225,8810,$0
10116001,426,Automotive Equipment Technician III,$27.14,2080,100.00%,101,$0,FB2,EE,7210,8380,$100
10116001,427,Heavy Equipment Operator,$22.51,2080,100.00%,101,$0,FB2,EE,7225,5509,$100
10116001,428,General Equipment Operator,$19.44,2080,100.00%,101,$0,FB2,FAM,7225,5509,$100
10116001,,Specialty Crew Foreman,$28.31,2080,100.00%,101,$0,FB1,EE,7210,5509,$0
10116001,,Specialty Crew Foreman,$28.31,2080,100.00%,101,$0,FB1,EE,7210,5509,$0
10116001,429,Specialty Crew Foreman,$28.31,2080,100.00%,101,$0,FB2,EE,7225,5509,$0
10116001,430,General Equipment Operator,$24.78,2080,100.00%,101,$0,FB2,EE,7205,5509,$100
10116001,431,Mot Flagger,$18.97,2080,100.00%,101,$0,FB2,FAM,7200,5509,$100
10116001,432,Automotive Equipment Technician II,$23.31,2080,100.00%,101,$0,FB2,EE,7225,8380,$100
10116001,433,Heavy Equipment Operator,$24.13,2080,100.00%,101,$0,FB3,EE,7225,5509,$100
10116001,434,Heavy Equipment Operator,$23.31,2080,100.00%,101,$0,FB2,EE,7225,5509,$100
10116001,435,Heavy Equipment Operator,$23.31,2080,100.00%,101,$0,FB1,EE,7210,5509,$100
10116001,436,Heavy Equipment Operator,$24.98,2080,100.00%,101,$0,FB2,EE,7210,5509,$100
10116001,437,General Equipment Operator,$22.72,2080,100.00%,101,$0,FB6,FAM,7210,5509,$100
10116001,438,Fleet Manager,$52.77,2080,100.00%,101,$0,FB3,FAM,7210,8810,$100
10116001,439,Heavy Equipment Operator,$24.13,2080,100.00%,101,$0,FB2,FAM,7210,5509,$100
10116001,440,Heavy Equipment Operator,$30.77,2080,100.00%,101,$0,FB2,FAM,7210,5509,$100
10116001,441,Heavy Equipment Operator,$24.98,2080,100.00%,101,$0,FB2,EE,7210,5509,$100
10116001,442,Asphalt Operator II,$23.72,2080,100.00%,101,$0,FB2,EE,7225,5509,$100
10116001,443,Heavy Equipment Operator,$23.31,2080,100.00%,101,$0,FB2,EE,7225,5509,$100
10116001,444,Heavy Equipment Operator,$22.51,2080,100.00%,101,$0,FB2,EE,7210,5509,$100
10116001,445,Automotive Equipment Technician II,$28.21,2080,100.00%,101,$0,FB2,EE,7210,8380,$100
10116001,446,Heavy Equipment Operator,$22.51,2080,100.00%,101,$0,FB2,EE,7200,5509,$100
10116001,447,Lowboy Operator,$27.02,2080,100.00%,101,$0,FB2,FAM,7225,8380,$100
10116001,448,General Equipment Operator,$20.93,2080,100.00%,101,$0,FB3,EE,7200,5509,$100
10116001,449,Assistant Road Foreman,$31.64,2080,100.00%,101,$0,FB3,EE,7210,5509,$0
10116001,450,Lead Fabricator/Machinist,$36.59,2080,100.00%,101,$0,FB2,EE,7210,8380,$0
10116001,451,Special Projects Foreman,$43.39,2080,100.00%,101,$0,FB3,EE,7205,5509,$0
10116001,452,Heavy Equipment Operator,$23.31,2080,100.00%,101,$0,FB2,EE,7225,5509,$100
10116001,453,General Equipment Operator,$21.57,2080,100.00%,101,$0,FB3,EE,7225,5509,$100
10116001,454,Assistant Road Foreman,$32.19,2080,100.00%,101,$0,FB1,FAM,7210,5509,$0
10116001,455,Paint Maintenance Technician,$22.10,2080,100.00%,101,$0,FB3,EE,7210,5509,$100
10116001,456,Road Foreman,$38.96,2080,100.00%,101,$0,FB3,EE,7210,5509,$0
10116001,457,Administrative Assistant,$22.72,2080,100.00%,101,$0,FB5,FAM,7210,8810,$0
10116001,458,Road Foreman,$48.90,2080,100.00%,101,$0,FB3,FAM,7210,5509,$0
10116001,459,Specialty Crew Foreman,$33.43,2080,100.00%,101,$0,FB2,EE,7210,5509,$0
10116001,460,Mot Flagger,$21.72,2080,100.00%,101,$0,FB2,EE,7210,5509,$100
10116001,461,Road Maintenance Technician,$17.39,2080,100.00%,101,$0,FB2,EE,7210,5509,$100
10116001,462,Public Works Operations Manager,$57.21,2080,100.00%,101,$0,FB2,EE,7210,8810,$0
10116001,463,Heavy Equipment Operator,$27.25,2080,100.00%,101,$0,FB1,EE,7210,5509,$100
10116001,464,Heavy Equipment Operator,$22.33,2080,100.00%,101,$0,FB1,EE,7225,5509,$100
10116001,465,Heavy Equipment Operator,$23.31,2080,100.00%,101,$0,FB2,EE,7225,5509,$100
10116001,466,Road Maintenance Technician II,$18.91,2080,100.00%,101,$0,FB3,EE,7200,5509,$100
10116001,467,Asphalt Operator II,$21.56,2080,100.00%,101,$0,FB1,EE,7210,5509,$100
10116001,468,Heavy Equipment Operator,$23.72,2080,100.00%,101,$0,FB2,EE,7210,5509,$100
10116001,469,Road Foreman,$39.74,2080,100.00%,101,$0,FB2,EE,7210,5509,$100
10116001,470,Heavy Equipment Operator,$22.91,2080,100.00%,101,$0,FB1,EE,7210,5509,$100
10116001,471,Heavy Equipment Operator,$22.91,2080,100.00%,101,$0,FB3,FAM,7210,5509,$100
10116001,472,Heavy Equipment Operator,$23.31,2080,100.00%,101,$0,FB2,FAM,7225,5509,$100
10116001,473,Heavy Equipment Operator,$23.72,2080,100.00%,101,$0,FB3,EE,7210,5509,$100
10116001,474,General Equipment Operator,$22.72,2080,100.00%,101,$0,FB3,EE,7225,5509,$100
10116001,475,Automotive Equipment Technician I,$22.40,2080,100.00%,101,$0,FB3,EE,7225,8380,$100
10116001,476,Heavy Equipment Operator,$23.31,2080,100.00%,101,$0,FB3,EE,7225,5509,$100
10116001,477,General Equipment Operator,$21.95,2080,100.00%,101,$0,FB3,EE,7225,5509,$100
10116001,478,Public Works Director,$65.30,2080,100.00%,101,$0,FB6,FAM,7220,9410,$0
10116001,479,Administrative Assistant,$21.95,2080,100.00%,101,$0,FB3,EE,7225,8810,$0
10116001,480,Heavy Equipment Operator,$23.31,2080,100.00%,101,$0,FB3,EE,7210,5509,$100
10116001,481,General Equipment Operator,$19.44,2080,100.00%,101,$0,FB3,EE,7210,5509,$100
10116001,482,Administrative Assistant,$22.33,2080,100.00%,101,$0,FB2,EE,7210,8810,$0
10116001,483,General Equipment Operator,$19.10,2080,100.00%,101,$0,FB2,EE,7210,5509,$100
10116001,484,General Equipment Operator,$19.10,2080,100.00%,101,$0,FB3,EE,7210,5509,$100
10116001,485,General Equipment Operator,$19.44,2080,100.00%,101,$0,FB2,EE,7210,5509,$100
10116001,486,General Equipment Operator,$20.00,2080,100.00%,101,$0,FB2,EE,7225,5509,$100
10116001,487,Utility Inspector,$31.58,2080,100.00%,101,$0,FB1,EE,7210,9015,$0
10116001,488,Asphalt Operator I,$22.19,2080,100.00%,101,$0,FB2,EE,7210,5509,$100
00117000,489,Parks Maintenance Worker,$21.35,2080,100.00%,001,$0,FB3,EE,7200,9102,$250
00117000,490,Parks Maintenance Worker,$23.69,2080,100.00%,001,$0,FB3,EE,7210,9102,$250
00117000,491,Parks Maintenance Worker,$19.92,2080,100.00%,001,$0,FB2,EE,7210,9102,$250
00117000,492,Parks & Recreation Foreman,$38.17,2080,100.00%,001,$0,FB1,EE,7210,9102,$0
00117000,493,Parks Maintenance Worker,$19.24,2080,100.00%,001,$0,FB2,EE,7210,9102,$250
00117000,494,Parks Maintenance Worker,$19.92,2080,100.00%,001,$0,FB1,EE,7210,9102,$250
00117000,495,Parks Maintenance Worker,$20.62,2080,100.00%,001,$0,FB2,EE,7210,9102,$250
00117000,496,Parks & Recreation Foreman,$28.92,2080,100.00%,001,$0,FB3,EE,7210,9102,$0
00117000,497,Parks Maintenance Worker,$18.91,2080,100.00%,001,$0,FB3,EE,7210,9102,$250
00117000,498,Parks Maintenance Worker,$20.27,2080,100.00%,001,$0,FB2,FAM,7210,9102,$250
00117000,499,Parks Maintenance Worker,$20.27,2080,100.00%,001,$0,FB2,EE,7210,9102,$250
00117000,500,Parks Maintenance Worker,$22.10,2080,100.00%,001,$0,FB2,EE,7210,9102,$250
00117000,501,Parks Maintenance Worker,$18.26,2080,100.00%,001,$0,FB2,EE,7225,9102,$250
00117000,502,Equipment Operator,$26.10,2080,100.00%,001,$0,FB2,FAM,7210,9102,$250
00117000,503,Assistant Foreman,$27.14,2080,100.00%,001,$0,FB3,EE,7210,9102,$250
00117000,,Assistant Foreman,$27.14,2080,100.00%,001,$0,FB1,EE,7210,9102,$250
00117000,504,Parks Maintenance Worker,$18.26,2080,100.00%,001,$0,FB2,EE,7225,9102,$250
00117000,505,Parks Maintenance Worker,$19.92,2080,100.00%,001,$0,FB2,EE,7225,9102,$250
00117000,506,Parks Maintenance Worker,$17.34,2080,100.00%,001,$0,FB1,EE,7210,9102,$250
00117000,507,Parks Maintenance Worker,$18.26,2080,100.00%,001,$0,FB1,EE,7210,9102,$250
00117000,508,Parks Maintenance Worker,$17.34,2080,100.00%,001,$0,FB1,EE,7210,9102,$250
00117000,509,Parks Maintenance Worker,$18.26,2080,100.00%,001,$0,FB1,EE,7210,9102,$250
00117000,510,Parks Maintenance Worker,$17.64,2080,100.00%,001,$0,FB1,EE,7210,9102,$250
00117000,511,Parks Maintenance Worker,$17.34,2080,100.00%,001,$0,FB1,EE,7210,9102,$250
00104000,512,Building Plans Review Manager,$40.38,2080,100.00%,001,$0,FB3,EE,7210,8810,$0
00104000,513,Customer Service Specialist,$31.59,2080,100.00%,001,$0,FB3,EE,7210,8810,$0
00104000,514,Deputy Director of Planning & Development,$54.09,2080,100.00%,001,$0,FB3,EE,7225,8810,$0
00104000,515,Development Order Inspector - Planning,$43.87,2080,100.00%,001,$0,FB2,EE,7210,8810,$0
00104000,516,Development Order Inspector - Planning,$41.95,2080,100.00%,001,$0,FB2,FAM,7205,8810,$0
00104000,517,Development Order Inspector - Planning,$36.63,2080,100.00%,001,$0,FB2,FAM,7210,8810,$0
00104000,518,Director of Planning & Development,$66.64,2080,100.00%,001,$0,FB1,FAM,7210,8810,$0
00104000,519,Environmental Planner,$36.63,2080,100.00%,001,$0,FB3,FAM,7225,8810,$0
00104000,520,Executive Assistant,$25.49,2080,100.00%,001,$0,FB4,FAM,7210,8810,$0
00104000,521,Financial Planning Coordinator,$38.92,2080,100.00%,001,$0,FB3,FAM,7210,8810,$0
00104000,522,Floodplain Program Manager,$41.63,2080,100.00%,001,$0,FB2,FAM,7210,8810,$0
00104000,523,Geospatial Analysis Planner,$37.81,2080,100.00%,001,$0,FB3,EE,7210,8810,$0
00104000,524,Land Use Attorney,$58.31,2080,75.00%,001,$0,FB3,FAM,7200,8820,$0
00102030,525,Land Use Attorney,$58.31,2080,25.00%,001,$0,FB3,FAM,7200,8820,$0
00104000,526,Livability & Tourism Technician I,$22.13,2080,100.00%,001,$0,FB2,EE,7210,8810,$0
00104000,,Livability & Tourism Technician I,$22.13,2080,100.00%,001,$0,FB1,EE,7220,8810,$0
00104000,527,Livability & Tourism Technician I,$23.31,2080,100.00%,001,$0,FB2,EE,7210,8810,$0
00104000,528,Planner,$32.70,2080,100.00%,001,$0,FB2,FAM,7210,8810,$0
00104000,529,Planner,$31.92,2080,100.00%,001,$0,FB2,EE,7210,8810,$0
00104000,530,Planning Assistant,$19.84,2080,100.00%,001,$0,FB3,FAM,7245,8810,$0
00104000,531,Planning Assistant,$21.27,2080,100.00%,001,$0,FB3,EE,7225,8810,$0
00104000,532,Planning Assistant,$21.27,2080,100.00%,001,$0,FB2,EE,7210,8810,$0
00104000,533,Planning Coordinator,$32.75,2080,100.00%,001,$0,FB3,EE,7210,8810,$0
00104000,534,Office Manager,$32.46,2080,100.00%,001,$0,FB3,FAM,7210,8810,$0
00104000,535,Planning Support Specialist,$26.05,2080,100.00%,001,$0,FB3,FAM,7225,8810,$0
00104000,536,Planning Assistant,$18.51,2080,100.00%,001,$0,FB6,FAM,7210,8810,$0
00104000,537,Planning Technician,$22.51,2080,100.00%,001,$0,FB1,EE,7210,8810,$0
00104000,538,Planning Technician,$23.72,2080,100.00%,001,$0,FB3,FAM,7210,8810,$0
00104000,,Planning Technician,$23.72,2080,100.00%,001,$0,FB1,EE,7210,8810,$0
00104000,539,Planning Technician,$23.72,2080,100.00%,001,$0,FB1,EE,7210,8810,$0
00104000,540,Livability & Tourism Coordinator,$26.97,2080,100.00%,001,$0,FB2,EE,7210,8810,$0
00104000,541,Planning Technician,$22.13,2080,100.00%,001,$0,FB2,EE,7210,8810,$0
00104000,542,Planning Technician,$23.31,2080,100.00%,001,$0,FB3,EE,7225,8810,$0
00104000,543,Plans Review Coordinator,$28.02,2080,100.00%,001,$0,FB2,EE,7210,8810,$0
00104000,544,Records Technician,$26.68,2080,100.00%,001,$0,FB2,FAM,7225,8810,$0
00104000,545,Senior Planner,$47.65,2080,100.00%,001,$0,FB3,FAM,7210,8810,$0
00104000,546,Senior Planner,$50.31,2080,100.00%,001,$0,FB2,EE,7205,8810,$0
00104000,547,Senior Planner,$36.27,2080,100.00%,001,$0,FB3,EE,7210,8810,$0
00104000,548,Senior Planner,$42.78,2080,100.00%,001,$0,FB3,FAM,7225,8810,$0
00104000,549,Short Term Rentals Manager,$40.89,2080,100.00%,001,$0,FB2,FAM,7225,8810,$0
00104000,550,Planner,$31.40,2080,100.00%,001,$0,FB3,FAM,7245,8810,$0
00104000,551,Senior Planner,$42.91,2080,100.00%,001,$0,FB3,FAM,7210,8810,$0
00104000,552,Livability & Tourism Technician I,$22.51,2080,100.00%,001,$0,FB1,EE,7225,8810,$0
00109000,553,Probation Officer II,$27.62,2080,100.00%,001,$0,FB2,EE,7210,7720,$0
00109000,554,Probation Manager,$33.52,2080,100.00%,001,$0,FB2,FAM,7210,8810,$0
00109000,555,Probation Assistant,$19.16,2080,100.00%,001,$0,FB2,EE,7225,8810,$0
00107020,556,Procurement Analyst,$25.42,2080,100.00%,001,$0,FB2,EE,7225,8810,$0
00107020,557,Buyer,$32.13,2080,100.00%,001,$0,FB2,EE,7210,8810,$0
00107020,558,Fixed Asset & Inventory Coordinator,$32.13,2080,100.00%,001,$0,FB3,EE,7210,8810,$0
00107020,559,Procurement Analyst,$27.25,2080,100.00%,001,$0,FB2,EE,7210,8810,$0
00107020,560,Buyer,$21.57,2080,100.00%,001,$0,FB3,EE,7210,8810,$0
00107020,561,Procurement Manager,$38.46,2080,100.00%,001,$0,FB2,EE,7225,8810,$0
00107020,562,Director of Procurement,$53.03,2080,100.00%,001,$0,FB7,FAM,7210,8810,$0
00107020,563,Procurement Coordinator,$21.57,2080,100.00%,001,$0,FB1,EE,7225,8810,$0
00107020,564,Logistics Coordinator,$19.00,2080,100.00%,001,$0,FB1,EE,7225,7380,$0
00107020,565,Contracts Coordinator,$31.25,2080,100.00%,001,$0,FB1,EE,7210,8810,$0
10116001,566,Heavy Equipment Operator,$22.19,2080,100.00%,101,$0,FB3,FAM,7210,5509,$100
10116001,567,Heavy Equipment Operator,$22.97,2080,100.00%,101,$0,FB3,EE,7225,5509,$100
10116001,568,Assistant Road Foreman,$27.06,2080,100.00%,101,$0,FB2,EE,7225,5509,$100
10116001,569,Heavy Equipment Operator,$21.81,2080,100.00%,101,$0,FB2,FAM,7225,5509,$100
10116001,570,General Equipment Operator,$19.91,2080,100.00%,101,$0,FB2,EE,7205,5509,$100
00112000,571,Director of Parks & Recreation,$49.11,2080,100.00%,001,$0,FB3,EE,7210,8810,$0
00112000,572,Recreation Program Coordinator,$22.40,2080,100.00%,001,$0,FB3,EE,7200,8810,$250
00112000,573,Recreation Program Coordinator,$27.11,2080,100.00%,001,$0,FB1,FAM,7210,8810,$250
00112000,574,Administrative Assistant,$23.52,2080,100.00%,001,$0,FB2,EE,7225,8810,$0
00112000,575,Administrative Assistant,$25.65,2080,100.00%,001,$0,FB3,EE,7210,8810,$0
00112000,576,Assistant Recreation Coordinator,$17.34,2080,100.00%,001,$0,FB5,FAM,7225,8810,$250
00114000,577,Office Manager,$28.47,2080,100.00%,001,$0,FB3,EE,7210,8810,$0
00104000,578,Code Compliance Officer - STR,$25.25,2080,100.00%,001,$0,FB1,EE,7225,9410,"$1,000"
11242000,579,Solid Waste General Equipment Operator,$24.70,2080,100.00%,112,$0,FB3,EE,7200,6217,$250
11242000,580,Solid Waste Heavy Equipment Operator,$23.31,2080,100.00%,112,$0,FB3,EE,7210,6217,$250
11242000,581,Solid Waste Technician,$21.20,2080,100.00%,112,$0,FB2,EE,7210,6217,$250
11242000,582,Solid Waste Scale Operator,$23.86,2080,100.00%,112,$0,FB3,EE,7210,8810,$250
11242000,583,Solid Waste Senior Equipment Operator,$26.22,2080,100.00%,112,$0,FB3,EE,7210,6217,$250
11242000,584,Recycling Technician,$19.10,2080,100.00%,112,$0,FB2,EE,7245,6217,$250
11242000,585,Recycling Technician,$22.51,2080,100.00%,112,$0,FB2,EE,7210,6217,$250
11242000,586,Solid Waste Heavy Equipment Operator,$23.31,2080,100.00%,112,$0,FB2,EE,7210,6217,$250
11242000,587,Solid Waste General Equipment Operator,$22.65,2080,100.00%,112,$0,FB2,EE,7210,6217,$250
11242000,588,Solid Waste Senior Equipment Operator,$31.19,2080,100.00%,112,$0,FB3,EE,7210,6217,$250
11242000,589,Solid Waste Heavy Equipment Operator,$26.78,2080,100.00%,112,$0,FB3,EE,7210,6217,$250
11242000,590,Solid Waste Heavy Equipment Operator & Technician,$28.10,2080,100.00%,112,$0,FB3,EE,7225,6217,$250
11242000,591,Solid Waste General Equipment Operator,$21.50,2080,100.00%,112,$0,FB2,FAM,7225,6217,$250
11242000,592,Solid Waste Heavy Equipment Operator,$23.31,2080,100.00%,112,$0,FB1,FAM,7210,6217,$250
11242000,593,Office Manager,$31.68,2080,100.00%,112,$0,FB3,EE,7210,8810,$0
11242000,594,Solid Waste Heavy Equipment Operator,$28.21,2080,100.00%,112,$0,FB2,EE,7210,6217,$250
11242000,595,Solid Waste Office Clerk,$22.33,2080,100.00%,112,$0,FB2,FAM,7200,8810,$250
11242000,596,Solid Waste Operations Manager,$46.16,2080,100.00%,112,$0,FB2,FAM,7210,8810,$250
11242000,597,Solid Waste Foreman,$31.30,2080,100.00%,112,$0,FB3,FAM,7210,6217,$250
11242000,598,Administrative Assistant,$23.12,2080,100.00%,112,$0,FB3,EE,7225,8810,$0
11242000,599,Solid Waste Heavy Equipment Operator,$22.51,2080,100.00%,112,$0,FB3,EE,7210,6217,$250
11242000,600,Solid Waste General Equipment Operator,$20.41,2080,100.00%,112,$0,FB2,EE,7225,6217,$250
11242000,601,Solid Waste Scale Operator,$28.38,2080,100.00%,112,$0,FB4,FAM,7210,8810,$250
11141060,602,Deputy Director of Tourism - Marketing,$50.12,2080,100.00%,111,$0,FB1,FAM,7225,8810,$0
11141040,603,Industry Relations Specialist,$32.08,2080,100.00%,111,$0,FB3,FAM,7225,8810,$0
11141030,604,Visitor Information Manager,$39.65,2080,100.00%,111,$0,FB2,FAM,7210,8810,"$1,000"
11141030,605,Sales Manager,$39.05,2080,100.00%,111,$0,FB2,EE,7210,8810,$0
11141030,606,Lead Visitor Information Specialist,$32.13,2080,100.00%,111,$0,FB2,EE,7210,8810,"$1,000"
11141030,607,Deputy Director of Tourism - Sales,$56.95,2080,100.00%,111,$0,FB3,FAM,7225,8810,$0
11141030,608,Tourism Sales Specialist,$30.11,2080,100.00%,111,$0,FB2,FAM,7225,8810,$0
11141040,609,Deputy Director of Tourism - Communications,$44.24,2080,100.00%,111,$0,FB3,FAM,7225,8810,$0
11141030,611,Visitor Information Specialist,$17.64,2080,100.00%,111,$0,FB3,EE,7210,8810,"$1,000"
11141000,612,Tourism Administrative Specialist,$28.38,2080,100.00%,111,$0,FB2,EE,7210,8810,$0
11141000,613,Tourism Director,$60.22,2080,100.00%,111,$0,FB3,FAM,7225,8810,$0
11141000,614,Administrative Support Specialist,$28.38,2080,100.00%,111,$0,FB3,FAM,7225,8810,$0
11141040,615,Database Specialist,$22.40,2080,100.00%,111,$0,FB2,FAM,7225,8810,$250
11141060,616,Marketing Specialist,$27.16,2080,100.00%,111,$0,FB1,EE,7210,8810,$0
11141060,617,Marketing Specialist,$27.16,2080,100.00%,111,$0,FB5,FAM,7210,8810,$0
11141040,618,Content Coordinator,$30.00,2080,100.00%,111,$0,FB1,FAM,7225,8810,$250
11141030,619,Weekend Lead Information Specialist,$26.00,2080,100.00%,111,$0,FB6,FAM,7210,8810,"$1,000"
11141090,620,Beach Tram Driver,$18.19,2080,100.00%,111,$0,FB2,EE,7225,7380,$500
11141090,621,Transportation Crew Leader,$26.70,2080,100.00%,111,$0,FB2,EE,7225,7380,$500
11141090,622,Beach Tram Driver,$18.19,2080,100.00%,111,$0,FB2,EE,7225,7380,$500
11141090,,Beach Tram Driver,$18.19,2080,100.00%,111,$0,FB1,EE,7225,7380,$500
11141090,,Beach Tram Driver,$18.19,2080,100.00%,111,$0,FB1,EE,7225,7380,$500
11141090,623,Beach Tram Driver,$19.55,2080,100.00%,111,$0,,,7225,7380,$500
11141090,624,Beach Tram Driver,$18.89,2080,100.00%,111,$0,,,7225,7380,$500
11141090,625,Beach Tram Driver,$19.55,2080,100.00%,111,$0,FB1,EE,7225,7380,$500
11141090,626,Beach Tram Driver,$19.55,2080,100.00%,111,$0,FB1,EE,7225,7380,$500
11141090,627,Beach Tram Driver,$18.19,2080,100.00%,111,$0,FB1,$0,7225,7380,$500
11141090,628,Administrative Assistant,$18.23,2080,100.00%,111,$0,FB1,EE,7225,8810,$0
11141090,629,Transportation Mechanic,$21.06,2080,100.00%,111,$0,FB1,EE,7225,8380,$0
11141090,630,Beach Tram Driver,$18.19,2080,100.00%,111,$0,FB1,EE,7225,7380,$500
11141090,631,Transportation Specialist,$18.19,2080,100.00%,111,$0,FB1,EE,7225,7380,$500
11141090,632,Transportation Specialist,$18.19,2080,100.00%,111,$0,FB1,EE,7225,7380,$500
11141090,633,Beach Tram Driver,$22.02,2080,100.00%,111,$0,FB5,FAM,7225,7380,$500
11141090,634,Beach Tram Driver,$22.02,2080,100.00%,111,$0,FB2,EE,7225,7380,$500
11141090,635,Transportation Manager,$32.46,2080,100.00%,111,$0,FB3,EE,7210,8810,$0
11141090,636,Beach Tram Driver,$19.16,2080,100.00%,111,$0,FB2,FAM,7225,7380,$500
11141090,,Transportation Assistant Manager,$29.19,2080,100.00%,111,$0,FB1,EE,7210,8810,$0
11141090,,Transportation Assistant Crew Leader,$24.39,2080,100.00%,111,$0,FB1,EE,7210,8810,$0
11141090,,Transportation Assistant Crew Leader,$24.39,2080,100.00%,111,$0,FB1,EE,7210,8810,$0
11141090,,Transportation Assistant Crew Leader,$24.39,2080,100.00%,111,$0,FB1,EE,7210,8810,$0
11141090,,Transportation Assistant Crew Leader,$24.39,2080,100.00%,111,$0,FB1,EE,7210,8810,$0
11141090,637,Transportation Crew Leader,$27.16,2080,100.00%,111,$0,FB3,EE,7225,7380,$500
11141090,638,Beach Tram Driver,$18.51,2080,100.00%,111,$0,FB3,EE,7210,7380,$500
11141090,639,Beach Tram Driver,$18.19,2080,100.00%,111,$0,FB1,EE,7225,7380,$500
11141090,640,Beach Tram Driver,$18.19,2080,100.00%,111,$0,FB1,EE,7225,7380,$500
11141090,641,Beach Tram Driver,$18.19,2080,100.00%,111,$0,FB1,EE,7225,7380,$500
11141090,642,Beach Tram Driver,$18.19,2080,100.00%,111,$0,FB1,EE,7225,7380,$500
11141090,643,Beach Tram Driver,$18.19,2080,100.00%,111,$0,FB1,EE,7225,7380,$500
11141090,644,Beach Tram Driver,$18.19,2080,100.00%,111,$0,FB1,EE,7225,7380,$500
11141090,645,Beach Tram Driver,$18.19,2080,100.00%,111,$0,FB1,EE,7225,7380,$500
11141090,646,Beach Tram Driver,$18.19,2080,100.00%,111,$0,FB1,EE,7225,7380,$500
11141090,647,Beach Tram Driver,$18.19,2080,100.00%,111,$0,FB1,EE,7225,7380,$500
11141090,648,Beach Tram Driver,$18.19,2080,100.00%,111,$0,FB1,EE,7225,7380,$500
11141090,649,Beach Tram Driver,$18.19,2080,100.00%,111,$0,FB1,EE,7225,7380,$500
11141090,650,Beach Tram Driver,$18.19,2080,100.00%,111,$0,FB1,EE,7225,7380,$500
11141090,651,Beach Tram Driver,$18.19,2080,100.00%,111,$0,FB1,EE,7225,7380,$500
11141090,652,Beach Tram Driver,$18.19,2080,100.00%,111,$0,FB1,EE,7225,7380,$500
11141090,653,Beach Tram Driver,$18.19,2080,100.00%,111,$0,FB1,EE,7225,7380,$500
11141090,654,Beach Tram Driver,$18.19,2080,100.00%,111,$0,FB1,EE,7225,7380,$500
11141090,655,Beach Tram Driver,$18.19,2080,100.00%,111,$0,FB1,EE,7225,7380,$500
11141090,656,Beach Tram Driver,$18.19,2080,100.00%,111,$0,FB1,EE,7225,7380,$500
11141090,657,Beach Tram Driver,$18.19,2080,100.00%,111,$0,FB1,EE,7225,7380,$500
11141090,658,Beach Tram Driver,$18.19,2080,100.00%,111,$0,FB1,EE,7225,7380,$500
11141090,659,Beach Tram Driver,$18.19,2080,100.00%,111,$0,FB1,EE,7225,7380,$500
11141090,660,Beach Tram Driver,$18.19,2080,100.00%,111,$0,FB1,EE,7225,7380,$500
11141090,661,Beach Tram Driver,$18.19,2080,100.00%,111,$0,FB1,EE,7225,7380,$500
11141090,662,Beach Tram Driver,$18.19,2080,100.00%,111,$0,FB1,EE,7225,7380,$500
11141090,663,Beach Tram Driver,$18.19,2080,100.00%,111,$0,FB1,EE,7225,7380,$500
11141090,664,Beach Tram Driver,$18.19,2080,100.00%,111,$0,FB1,EE,7225,7380,$500
11141090,665,Beach Tram Driver,$17.62,2080,100.00%,111,$0,FB1,EE,7225,7380,$500
11141090,666,Beach Tram Driver,$17.62,2080,100.00%,111,$0,FB1,EE,7225,7380,$500
11141090,667,Beach Tram Driver,$17.62,2080,100.00%,111,$0,FB1,EE,7225,7380,$500
11141090,668,Beach Tram Driver,$17.62,2080,100.00%,111,$0,FB1,EE,7225,7380,$500
11141090,669,Beach Tram Driver,$17.62,2080,100.00%,111,$0,FB1,EE,7225,7380,$500
11141090,670,Beach Tram Driver,$17.62,2080,100.00%,111,$0,FB1,EE,7225,7380,$500
11141090,671,Beach Tram Driver,$18.19,2080,100.00%,111,$0,FB1,EE,7225,7380,$500
11141090,672,Beach Tram Driver,$18.19,2080,100.00%,111,$0,FB1,EE,7225,7380,$500
00102000,673,Tri-County Attendent,$18.70,2080,100.00%,001,$0,FB1,EE,7205,7380,$0
00110000,674,Assistant Veterans Officer,$32.60,2080,100.00%,001,$0,FB1,EE,7210,8810,$0
00110000,675,Veterans Service Officer,$44.28,2080,100.00%,001,$0,FB1,EE,7225,8810,$0
10528000,676,Mosquito Control Technician I,$20.12,2080,100.00%,105,$0,FB2,EE,7210,9402,$250
00110000,677,Administrative Assistant,$19.44,2080,100.00%,001,$0,FB3,FAM,7210,8810,$0
11141060,678,Graphic Designer,$29.19,2080,100.00%,111,$0,FB3,EE,7210,8810,$0